{
    "width" : 8,
    "depth" : 8,
 
    "sunlight" : [ -1, 1, 0 ],
 
    "altitude" : [
        0, 0, 0, 0, 0, 0, 0, 0,
        0, 0, 0, 0, 0, 0, 0, 0,
        0, 0, 0, 0, 0, 0, 0, 0,
        0, 0, 0, 0, 0, 0, 0, 0,             
        0, 0, 0, 0, 0, 0, 0, 0,
        0, 0, 0, 0, 0, 0, 0, 0,
        0, 0, 0, 0, 0, 0, 0, 0,
        0, 0, 0, 0, 0, 0, 0, 0,             
    ],
    
    "roads" : [
        {
            "width" : 1,
            "spine" : [ 
                0, 0.5,
                7, 0.5,
                7, 3.5,
                4, 3.5,
                0, 3.5,
                0, 6.5,
                4, 6.5
            ]
        }
    ]
}

//[0.0,0.01,-0.25, 0.0,0.01,0.75, 0.6845477,0.01,-0.22995031, 0.6233042,0.01,0.76817256, 1.2841005,0.01,-0.17273244, 1.1520476,0.01,0.8185103, 1.8035164,0.01,-0.082303375, 1.5884836,0.01,0.89430344, 2.248125,0.01,0.03835523, 1.9343939,0.01,0.9878671, 2.6237726,0.01,0.18812731, 2.1910415,0.01,1.0896504, 2.9363418,0.01,0.36951622, 2.3596587,0.01,1.186484, 3.1890101,0.01,0.59148705, 2.4441748,0.01,1.2587353, 3.372803,0.01,0.8699324, 2.4606783,0.01,1.2798455, 3.4518073,0.01,1.2081167, 2.452193,0.01,1.2358836, 3.3874643,0.01,1.5534189, 2.4643872,0.01,1.1688035, 3.2044365,0.01,1.8314079, 2.4797113,0.01,1.1423699, 2.9565895,0.01,2.0255075, 2.4514105,0.01,1.1624928, 2.6700938,0.01,2.1525333,
//2.3604243,0.01,1.201689, 2.3509524,0.01,2.2257438, 2.2078621,0.01,1.236034, 2.0,0.01,2.25, 2.0,0.01,1.25]